Adm,Names,Score
360,"Mercy chege",0
361,"June Moses",0
636,"Trudey Norby",0
598,"Consuela Dan",0
448,"Abran Jenifer",0
609,"Gabriella Findley",0
427,"Alistair Drucy",0
437,"Ronny Doralia",0
391,"Jayme Sabina",0
380,"Alvy Reinhold",0
698,"Britt Clovis",0
421,"Marcelia Tate",0
565,"Kipp Gage",0
643,"Elizabet Tybi",0
464,"Cybil Vilma",0
479,"Daryn Dulcine",0
369,"Mechelle Kris",0
672,"Kiri Dasya",0
503,"Edin Tracey",0
669,"Marti Annice",0
394,"Nickolas Lida",0
528,"Pollyanna Ody",0
387,"Samuel Lydie",0
507,"Terri Franz",0
676,"Francesca Hubey",0
405,"Olva Barthel",0
447,"Karly Britney",0
697,"Carolann Cherin",0
651,"Leese Nadean",0
388,"Arabel Marji",0
496,"Krystyna Shem",0
562,"Jessamine Clementius",0
538,"Marty Bobby",0
610,"Jerome Lindi",0
1544,"Collete Modestine",0
2960,"Jammal Rachel",0
1884,"Jorie Robinia",0
2912,"Gerianne Brennan",0
1095,"Lynnet Nathan",0
2849,"Lane Elizabet",0
2615,"Andreas Jordanna",0
1742,"Olympia Aviva",0
1424,"Rhonda Karissa",0
1868,"Englebert Leann",0
2018,"Tiler Roy",0
2360,"Augustine La verne",0
1011,"Flin Banky",0
1069,"Addie Olly",0
2103,"Anissa Farrand",0
2840,"Hasheem Tedi",0
2862,"Cathee Ashby",0
2454,"Kermy Celestia",0
2821,"Stevena Augustine",0
1562,"Rana Carmelle",0
1780,"Paddie Eolande",0
539,"Donna Mariquilla",0
471,"Latrena Mattheus",0
466,"Bourke Reagen",0
586,"Chrissy Dalli",0
417,"Lonnie Maje",0
657,"Wylie Lazarus",0
382,"Giraud Rudd",0
557,"Victor Freddy",0
525,"Angil Dee dee",0
687,"Emera Raf",0
502,"Cally Robin",0
653,"Mag Alix",0
420,"Mersey Kimberly",0
532,"Eben Kingsly",0
606,"Jewell Hayley",0
607,"Hervey Frederique",0
505,"Denise Marianna",0
647,"Frasier Isidoro",0
571,"Gerianna Raymund",0
583,"Gladi Merilee",0
482,"Celestyna Kliment",0
453,"Joyce Ada",0
630,"Avrom Randall",0
663,"Ally Joellyn",0
1908,"Sib Benjy",0
2714,"Tine Ram",0
2721,"Billy Sari",0
1753,"Cassi Nathalia",0
1443,"Valentina Norah",0
2672,"Niel Shani",0
1749,"Leeanne Courtney",0
2614,"Marabel Charlton",0
1008,"Felecia Rosina",0
2484,"Nicolai Morse",0
1540,"Codi Jase",0
1216,"Hatti Caryl",0
1155,"Loralyn Thorn",0
2670,"Clareta Karol",0
1414,"Honey Edgar",0
1801,"Maud Allan",0
1276,"Shurwood Babbette",0
2508,"Stepha Diann",0
2797,"Heall Erin",0
2758,"Nance Domingo",0
2297,"Aylmar Mame",0
2151,"Rebbecca Tani",0
2148,"Madelyn Katerine",0
1381,"Tamra Gordon",0
2098,"Forest Anstice",0
1751,"Etan Martino",0
1522,"Bertie Karlens",0
1862,"Ninon Kaile",0
2599,"Niel Cecilio",0
2308,"Dulcie Brian",0
358,"Mary chege",0
359,"John Moses",0
605,"Dickie Alyss",0
662,"Sharona Roarke",0
410,"Kattie Madelin",0
381,"Weber Timotheus",0
632,"Sharla Christoph",0
533,"Jewel Astra",0
602,"Perceval Lauretta",0
408,"Rossie Vincents",0
646,"Erhard Collete",0
595,"Baldwin Darsie",0
375,"Perkin Sydelle",0
416,"Cirstoforo Crista",0
568,"Conny Amitie",0
459,"Wain Hetti",0
418,"Claudine Mirilla",0
490,"Wenonah Bobbe",0
656,"Larine Anica",0
399,"Andy De witt",0
564,"Odella Edyth",0
426,"Hobie Lesley",0
2737,"Denice Dolph",0
2896,"Lowe Sharline",0
2596,"Gasparo Lynda",0
1822,"Jerrylee Arabela",0
1492,"Darbie Georgina",0
1398,"Isidro Dianna",0
1559,"Sergei Jaclyn",0
1087,"Norbie Wilmar",0
2539,"Burnaby Mariann",0
1636,"Pen Blake",0
1454,"Carlen Tori",0
2403,"Delainey Hi",0
2294,"Adria Jillana",0
2655,"Winifred Svend",0
2256,"Broddie Micky",0
2390,"Thorsten Seumas",0
1181,"Hillary Mitchel",0
2800,"Townie Errick",0
2078,"Chickie Ailyn",0
1775,"Olag Lyda",0
2873,"Gabie Sonnie",0
1671,"Pancho Archie",0
2123,"Davis Kristy",0
2654,"Stearn Noll",0
2373,"Hendrika Torey",0
1330,"Kalil Luke",0
1203,"Neddy Anya",0
2157,"Emogene Ally",0
1818,"Nissy Leslie",0
1778,"Nickola Jaquith",0
